age,monthly_income ,credit_score,loan_amount,loan_tenure,debt_to_income_ratio,is_SriLankan,premium_payment_status,loan_approved
40,332731,757,2000000,7,0.232189606,Yes,Pays,Yes
24,96886,421,2000000,3,0.294167559,Yes,Doesn't Pay,No
26,373423,500,2000000,9,0.779498195,Yes,Pays,No
45,181856,880,2000000,7,0.349443142,Yes,Pays,No
21,178471,466,2000000,3,0.364073861,Yes,Doesn't Pay,No
52,316574,818,2000000,8,0.421255525,Yes,Doesn't Pay,No
37,227207,854,2000000,4,0.893675342,Yes,Doesn't Pay,No
54,170458,806,2000000,7,0.092607946,Yes,Doesn't Pay,No
62,144077,778,2000000,4,0.009143308,Yes,Pays,Yes
40,469774,796,2000000,7,0.409503349,Yes,Pays,No
48,214681,316,2000000,7,0.001223265,Yes,Doesn't Pay,No
48,195281,479,2000000,7,0.628293851,Yes,Doesn't Pay,No
51,93877,477,2000000,9,0.181655956,No,Doesn't Pay,No
63,122283,804,2000000,10,0.949266518,Yes,Pays,No
21,343004,687,2000000,9,0.397771581,Yes,Doesn't Pay,No
34,318087,465,2000000,7,0.972965182,Yes,Doesn't Pay,No
29,189005,676,2000000,5,0.386799932,Yes,Pays,No
53,492115,629,2000000,7,0.438036102,Yes,Doesn't Pay,No
25,390530,480,2000000,10,0.157144292,No,Pays,No
47,403588,732,2000000,9,0.993669855,Yes,Doesn't Pay,No
33,54580,704,2000000,7,0.788365286,Yes,Pays,No
46,143780,439,2000000,4,0.085248224,No,Pays,No
56,60970,330,2000000,8,0.354664329,Yes,Pays,No
24,348373,418,2000000,9,0.415923351,Yes,Doesn't Pay,No
38,426327,422,2000000,4,0.515796745,Yes,Doesn't Pay,No
25,467483,849,2000000,10,0.32617948,Yes,Doesn't Pay,No
58,187372,508,2000000,9,0.965961958,Yes,Pays,No
48,468108,643,2000000,10,0.537974496,Yes,Doesn't Pay,No
57,229125,557,2000000,4,0.122679575,Yes,Pays,Yes
54,263176,741,2000000,5,0.593362286,Yes,Pays,No
43,316406,819,2000000,5,0.175280675,Yes,Doesn't Pay,No
38,327438,499,2000000,9,0.933380742,Yes,Pays,No
63,82224,835,2000000,10,0.777351125,Yes,Doesn't Pay,No
55,296685,524,2000000,3,0.182537957,Yes,Pays,Yes
34,289315,882,2000000,7,0.366199556,Yes,Pays,No
25,202928,737,2000000,7,0.191236997,Yes,Doesn't Pay,No
49,129480,608,2000000,9,0.43651706,Yes,Pays,No
53,411929,789,2000000,3,0.376206524,Yes,Doesn't Pay,No
33,308718,724,2000000,7,0.256863365,Yes,Doesn't Pay,No
63,428323,726,2000000,3,0.631798044,Yes,Pays,No
59,66926,800,2000000,9,0.959065059,Yes,Pays,No
38,272293,673,2000000,3,0.066210244,Yes,Pays,Yes
32,181817,451,2000000,3,0.744564996,Yes,Doesn't Pay,No
42,285336,349,2000000,9,0.968430597,Yes,Pays,No
41,159857,679,2000000,4,0.993128186,Yes,Doesn't Pay,No
49,285787,370,2000000,10,0.550413338,Yes,Pays,No
55,444076,621,2000000,3,0.765214819,Yes,Doesn't Pay,No
65,285965,701,2000000,8,0.96700048,Yes,Pays,No
29,125516,583,2000000,8,0.918978369,Yes,Doesn't Pay,No
34,90777,440,2000000,4,0.653686547,Yes,Doesn't Pay,No
53,487883,488,2000000,5,0.704876693,Yes,Pays,No
47,351499,575,2000000,4,0.533905243,Yes,Pays,No
23,229048,896,2000000,9,0.982511678,Yes,Doesn't Pay,No
63,412018,793,2000000,7,0.18260595,Yes,Doesn't Pay,No
27,460869,787,2000000,9,0.262925667,Yes,Pays,Yes
59,289350,333,2000000,9,0.870485444,Yes,Pays,No
23,72108,817,2000000,4,0.714352964,Yes,Doesn't Pay,No
59,101434,402,2000000,10,0.117698926,Yes,Pays,Yes
43,395943,782,2000000,8,0.142454001,No,Pays,No
50,420602,438,2000000,10,0.832281527,Yes,Pays,No
44,262695,598,2000000,3,0.62339853,Yes,Pays,No
43,295040,480,2000000,8,0.17068607,Yes,Doesn't Pay,No
50,299014,548,2000000,4,0.018834155,No,Doesn't Pay,No
57,190233,478,2000000,9,0.582925888,Yes,Pays,No
48,136174,522,2000000,4,0.213606554,Yes,Pays,Yes
23,204219,464,2000000,3,0.799056951,Yes,Doesn't Pay,No
39,362239,645,2000000,8,0.942622275,Yes,Doesn't Pay,No
29,187903,470,2000000,10,0.306438099,Yes,Doesn't Pay,No
51,99865,530,2000000,4,0.317595408,Yes,Pays,No
35,197603,421,2000000,5,0.529949914,Yes,Pays,No
28,281049,748,2000000,9,0.0262751,Yes,Pays,Yes
51,334300,784,2000000,8,0.582197843,Yes,Doesn't Pay,No
21,399923,884,2000000,4,0.540269395,Yes,Doesn't Pay,No
54,342569,454,2000000,7,0.148059534,Yes,Doesn't Pay,No
50,452060,579,2000000,8,0.492491429,Yes,Pays,No
50,191846,465,2000000,3,0.671267582,Yes,Doesn't Pay,No
65,135037,643,2000000,5,0.490395778,Yes,Doesn't Pay,No
59,399350,414,2000000,8,0.149865725,Yes,Doesn't Pay,No
32,101891,604,2000000,9,0.649767664,Yes,Doesn't Pay,No
27,104524,341,2000000,5,0.022115936,Yes,Doesn't Pay,No
65,110030,546,2000000,10,0.456956686,No,Doesn't Pay,No
64,289544,398,2000000,10,0.740490245,Yes,Doesn't Pay,No
25,341929,443,2000000,7,0.424125953,No,Pays,No
32,365913,341,2000000,7,0.970273739,Yes,Doesn't Pay,No
60,237538,769,2000000,5,0.468970865,Yes,Doesn't Pay,No
42,402638,500,2000000,3,0.829479621,Yes,Doesn't Pay,No
44,314149,599,2000000,4,0.53708792,Yes,Doesn't Pay,No
32,94372,814,2000000,9,0.373416808,Yes,Doesn't Pay,No
51,139469,356,2000000,10,0.064391137,Yes,Pays,Yes
41,425819,797,2000000,10,0.340330691,Yes,Doesn't Pay,No
36,456728,574,2000000,10,0.370513115,Yes,Doesn't Pay,No
37,165759,824,2000000,8,0.139901778,No,Doesn't Pay,No
41,156860,750,2000000,10,0.318544717,Yes,Doesn't Pay,No
51,371036,677,2000000,3,0.007240976,Yes,Pays,Yes
48,390143,885,2000000,8,0.216102571,No,Pays,No
39,495175,702,2000000,5,0.117975536,Yes,Doesn't Pay,No
60,79342,381,2000000,9,0.594669494,Yes,Pays,No
46,394567,334,2000000,8,0.126822624,Yes,Pays,Yes
36,417376,638,2000000,8,0.135352086,Yes,Doesn't Pay,No
30,156024,603,2000000,9,0.570203885,Yes,Doesn't Pay,No
57,328909,451,2000000,9,0.29308931,Yes,Doesn't Pay,No
23,294048,613,2000000,8,0.153884336,Yes,Doesn't Pay,No
38,309862,354,2000000,7,0.002756206,Yes,Pays,Yes
21,378365,664,2000000,4,0.902256559,Yes,Doesn't Pay,No
49,499944,594,2000000,9,0.570787428,Yes,Doesn't Pay,No
50,210535,607,2000000,10,0.643974843,Yes,Doesn't Pay,No
22,292054,810,2000000,7,0.569254527,Yes,Doesn't Pay,No
33,481665,638,2000000,3,0.076310007,Yes,Pays,Yes
65,471581,556,2000000,8,0.131561872,No,Doesn't Pay,No
24,221537,888,2000000,4,0.189456831,Yes,Doesn't Pay,No
27,58698,602,2000000,3,0.682570855,Yes,Pays,No
41,432285,577,2000000,9,0.126523344,Yes,Doesn't Pay,No
63,382299,776,2000000,5,0.210713836,Yes,Pays,Yes
40,208688,417,2000000,5,0.629027748,Yes,Doesn't Pay,No
54,247536,647,2000000,4,0.415516983,Yes,Doesn't Pay,No
33,186155,628,2000000,8,0.661116122,Yes,Doesn't Pay,No
24,234075,334,2000000,4,0.446591636,Yes,Doesn't Pay,No
30,120137,705,2000000,10,0.509359916,Yes,Pays,No
53,57009,341,2000000,9,0.251860015,Yes,Doesn't Pay,No
53,409212,781,2000000,5,0.982029884,Yes,Doesn't Pay,No
60,372183,388,2000000,8,0.87973219,Yes,Pays,No
56,56172,567,2000000,10,0.276980078,Yes,Doesn't Pay,No
45,97713,816,2000000,5,0.881803917,Yes,Pays,No
63,429586,347,2000000,10,0.636576111,No,Pays,No
35,468967,680,2000000,3,0.190918703,Yes,Pays,Yes
44,127604,695,2000000,10,0.368812584,Yes,Doesn't Pay,No
54,198151,322,2000000,9,0.791095686,Yes,Doesn't Pay,No
28,418424,453,2000000,4,0.827519361,Yes,Pays,No
23,394859,858,2000000,8,0.334773359,Yes,Doesn't Pay,No
35,78226,743,2000000,10,0.966513994,No,Doesn't Pay,No
50,291910,402,2000000,5,0.776626473,Yes,Pays,No
64,67185,337,2000000,5,0.863519305,Yes,Pays,No
48,457966,850,2000000,8,0.657103018,Yes,Pays,No
47,399902,568,2000000,8,0.264422164,Yes,Pays,Yes
54,496396,494,2000000,7,0.592907594,Yes,Pays,No
45,320487,593,2000000,7,0.389115792,Yes,Pays,No
51,388454,708,2000000,8,0.855309997,Yes,Doesn't Pay,No
29,268490,503,2000000,5,0.922307166,Yes,Doesn't Pay,No
59,53619,782,2000000,3,0.632609664,Yes,Pays,No
48,357723,534,2000000,10,0.995825895,Yes,Pays,No
34,116948,510,2000000,9,0.281259879,Yes,Doesn't Pay,No
23,153974,754,2000000,7,0.896488938,Yes,Pays,No
36,186470,695,2000000,5,0.562039923,Yes,Doesn't Pay,No
24,307248,781,2000000,9,0.656445654,No,Doesn't Pay,No
49,323949,536,2000000,7,0.46297032,Yes,Pays,No
29,490235,765,2000000,3,0.339465935,Yes,Doesn't Pay,No
26,87273,758,2000000,4,0.854516021,No,Pays,No
60,454169,849,2000000,10,0.579878383,Yes,Pays,No
23,323266,763,2000000,10,0.161436639,Yes,Pays,Yes
33,194687,558,2000000,7,0.150471147,Yes,Doesn't Pay,No
28,61681,408,2000000,3,0.083075872,Yes,Doesn't Pay,No
45,148023,508,2000000,4,0.165802131,Yes,Pays,Yes
45,381079,756,2000000,9,0.01502132,No,Doesn't Pay,No
31,375343,465,2000000,10,0.610668317,No,Doesn't Pay,No
58,344905,303,2000000,7,0.9851416,Yes,Pays,No
60,497033,508,2000000,7,0.807216022,Yes,Doesn't Pay,No
45,183623,811,2000000,3,0.292558785,Yes,Pays,Yes
47,85009,744,2000000,3,0.021064807,Yes,Pays,Yes
38,230321,648,2000000,3,0.863067383,Yes,Doesn't Pay,No
65,495850,738,2000000,4,0.426719273,Yes,Pays,No
59,306620,408,2000000,8,0.227796817,No,Doesn't Pay,No
54,345583,450,2000000,8,0.654692946,Yes,Pays,No
62,328028,899,2000000,10,0.698033521,Yes,Pays,No
51,309761,397,2000000,4,0.851850766,Yes,Pays,No
61,384808,543,2000000,4,0.602832778,No,Doesn't Pay,No
55,264329,808,2000000,7,0.545827785,Yes,Doesn't Pay,No
35,419955,522,2000000,5,0.874258216,Yes,Pays,No
31,378920,874,2000000,3,0.79869683,Yes,Doesn't Pay,No
45,460894,678,2000000,7,0.255209688,Yes,Doesn't Pay,No
65,265368,333,2000000,9,0.291890775,Yes,Pays,Yes
62,418607,316,2000000,4,0.384846742,Yes,Doesn't Pay,No
22,292671,323,2000000,5,0.818564261,Yes,Doesn't Pay,No
46,430216,619,2000000,10,0.173426546,Yes,Doesn't Pay,No
34,397762,620,2000000,3,0.975588753,Yes,Doesn't Pay,No
63,279369,894,2000000,3,0.381894055,Yes,Pays,No
39,190263,308,2000000,8,0.355443976,Yes,Doesn't Pay,No
50,454055,863,2000000,10,0.858865126,Yes,Pays,No
53,391202,771,2000000,9,0.26467797,Yes,Doesn't Pay,No
28,110076,721,2000000,8,0.338917052,Yes,Doesn't Pay,No
56,175198,439,2000000,7,0.21120916,Yes,Pays,Yes
56,187374,702,2000000,4,0.831384188,Yes,Doesn't Pay,No
60,267614,699,2000000,9,0.689353621,Yes,Pays,No
23,401911,649,2000000,9,0.918110533,Yes,Pays,No
60,310095,529,2000000,3,0.769413095,Yes,Doesn't Pay,No
55,369532,837,2000000,7,0.159595119,No,Pays,No
31,300835,873,2000000,7,0.049869408,Yes,Doesn't Pay,No
57,393817,649,2000000,3,0.056141342,Yes,Pays,Yes
52,307073,668,2000000,7,0.694210201,Yes,Doesn't Pay,No
25,214236,755,2000000,3,0.110932088,Yes,Doesn't Pay,No
34,274281,812,2000000,4,0.258534584,Yes,Doesn't Pay,No
37,271942,799,2000000,3,0.079140741,Yes,Pays,Yes
62,287905,675,2000000,8,0.70535078,Yes,Pays,No
52,71717,443,2000000,8,0.698438335,No,Doesn't Pay,No
55,70695,345,2000000,7,0.8545949,Yes,Doesn't Pay,No
30,356231,683,2000000,9,0.921270609,No,Pays,No
60,112098,331,2000000,3,0.18130541,No,Doesn't Pay,No
33,88090,492,2000000,8,0.013284408,Yes,Doesn't Pay,No
21,74134,543,2000000,10,0.939028201,Yes,Pays,No
32,419622,326,2000000,10,0.266737957,Yes,Doesn't Pay,No
38,488407,517,2000000,4,0.767469053,No,Pays,No
35,255240,660,2000000,7,0.13248634,No,Doesn't Pay,No
52,403572,843,2000000,5,0.505046402,Yes,Doesn't Pay,No
35,397996,782,2000000,3,0.000717841,No,Doesn't Pay,No
54,381417,550,2000000,3,0.257942385,Yes,Pays,Yes
30,133519,743,2000000,9,0.408236779,Yes,Pays,No
64,488773,550,2000000,3,0.649395827,Yes,Pays,No
49,243589,621,2000000,7,0.568279803,Yes,Doesn't Pay,No
26,445191,564,2000000,4,0.879548778,Yes,Doesn't Pay,No
29,194845,779,2000000,5,0.526169608,Yes,Doesn't Pay,No
53,202105,543,2000000,7,0.373194194,Yes,Doesn't Pay,No
26,109260,373,2000000,8,0.410611697,Yes,Doesn't Pay,No
54,133847,680,2000000,8,0.923665417,Yes,Doesn't Pay,No
56,237499,300,2000000,9,0.124572986,Yes,Doesn't Pay,No
30,304582,806,2000000,8,0.779541417,Yes,Doesn't Pay,No
54,121284,594,2000000,7,0.715754753,Yes,Doesn't Pay,No
21,258306,714,2000000,8,0.430357975,Yes,Pays,No
56,412417,836,2000000,7,0.925310199,Yes,Doesn't Pay,No
26,483266,764,2000000,5,0.203142539,Yes,Doesn't Pay,No
57,452600,592,2000000,7,0.045375249,Yes,Doesn't Pay,No
54,215920,781,2000000,3,0.310632126,Yes,Doesn't Pay,No
56,137853,439,2000000,7,0.121527517,Yes,Doesn't Pay,No
30,470465,581,2000000,8,0.716714744,Yes,Pays,No
29,349927,378,2000000,9,0.069522753,Yes,Doesn't Pay,No
47,154475,641,2000000,10,0.292955964,No,Doesn't Pay,No
60,430809,644,2000000,8,0.091365677,Yes,Doesn't Pay,No
23,271587,350,2000000,3,0.166477911,Yes,Pays,Yes
32,399025,449,2000000,4,0.234075918,Yes,Doesn't Pay,No
54,148389,677,2000000,10,0.148021234,Yes,Pays,Yes
53,213092,472,2000000,4,0.50495817,No,Doesn't Pay,No
34,482033,738,2000000,9,0.533213581,Yes,Pays,No
45,278539,519,2000000,7,0.257669299,Yes,Pays,Yes
27,68744,401,2000000,4,0.581186105,Yes,Doesn't Pay,No
54,444343,411,2000000,3,0.770445992,Yes,Doesn't Pay,No
39,203622,497,2000000,3,0.568615214,Yes,Doesn't Pay,No
32,199538,447,2000000,3,0.60133377,Yes,Pays,No
51,319763,579,2000000,3,0.786679241,Yes,Doesn't Pay,No
41,355105,841,2000000,8,0.572177539,Yes,Doesn't Pay,No
65,288104,341,2000000,10,0.802162074,Yes,Pays,No
28,138287,675,2000000,8,0.613299579,Yes,Pays,No
48,420231,654,2000000,4,0.465650714,Yes,Pays,No
57,262329,433,2000000,4,0.926688839,Yes,Pays,No
58,330666,798,2000000,9,0.852272895,Yes,Doesn't Pay,No
52,204787,708,2000000,7,0.796804343,Yes,Pays,No
47,91931,562,2000000,10,0.754634764,Yes,Doesn't Pay,No
65,226371,459,2000000,7,0.412990713,Yes,Pays,No
57,149122,876,2000000,4,0.768332585,Yes,Pays,No
28,238733,623,2000000,10,0.885459936,Yes,Pays,No
33,267055,360,2000000,7,0.600798677,Yes,Doesn't Pay,No
55,62787,396,2000000,7,0.873070669,No,Doesn't Pay,No
45,227473,309,2000000,10,0.151131427,Yes,Doesn't Pay,No
27,486530,790,2000000,9,0.65458636,Yes,Pays,No
59,300001,745,2000000,8,0.389165445,No,Doesn't Pay,No
35,436023,783,2000000,9,0.391351649,Yes,Doesn't Pay,No
29,493332,302,2000000,8,0.431166328,Yes,Doesn't Pay,No
57,131900,782,2000000,7,0.021641333,Yes,Doesn't Pay,No
49,52214,443,2000000,4,0.345495122,Yes,Pays,No
41,163263,398,2000000,4,0.53825482,Yes,Pays,No
59,451755,363,2000000,3,0.816137519,Yes,Doesn't Pay,No
48,403306,535,2000000,9,0.775376981,Yes,Doesn't Pay,No
47,274357,408,2000000,7,0.84271879,No,Doesn't Pay,No
23,258334,672,2000000,3,0.076007863,Yes,Pays,Yes
45,448113,597,2000000,7,0.736408389,Yes,Doesn't Pay,No
49,470209,774,2000000,9,0.080484875,Yes,Pays,Yes
41,114449,803,2000000,9,0.788921221,Yes,Pays,No
56,123771,860,2000000,3,0.108647234,Yes,Doesn't Pay,No
49,221938,509,2000000,9,0.34969714,Yes,Pays,No
26,343976,682,2000000,3,0.860704538,Yes,Doesn't Pay,No
30,179048,861,2000000,7,0.792125247,Yes,Pays,No
42,423425,640,2000000,10,0.291885459,No,Doesn't Pay,No
35,214868,324,2000000,4,0.365125643,Yes,Pays,No
52,182765,307,2000000,4,0.369201403,Yes,Pays,No
38,198836,338,2000000,5,0.99869993,Yes,Doesn't Pay,No
37,66684,789,2000000,9,0.366776984,No,Pays,No
58,107866,348,2000000,5,0.099964991,Yes,Doesn't Pay,No
27,212823,333,2000000,5,0.165259634,Yes,Doesn't Pay,No
48,326191,589,2000000,7,0.228014331,Yes,Doesn't Pay,No
48,154237,891,2000000,4,0.122183253,Yes,Pays,Yes
39,51279,854,2000000,3,0.396775591,Yes,Pays,No
31,235518,377,2000000,10,0.169821695,No,Doesn't Pay,No
28,137787,578,2000000,9,0.393973454,Yes,Doesn't Pay,No
64,459992,370,2000000,8,0.174363664,Yes,Doesn't Pay,No
31,452523,359,2000000,10,0.487438213,Yes,Pays,No
50,478127,389,2000000,8,0.747923869,Yes,Doesn't Pay,No
60,478303,732,2000000,5,0.83981461,Yes,Doesn't Pay,No
43,277380,657,2000000,8,0.163034383,Yes,Pays,Yes
64,429963,748,2000000,3,0.762012334,Yes,Doesn't Pay,No
54,428471,334,2000000,10,0.634740896,Yes,Pays,No
53,422907,436,2000000,7,0.828243105,Yes,Doesn't Pay,No
41,422422,798,2000000,3,0.549270083,Yes,Pays,No
44,459888,879,2000000,7,0.582675021,Yes,Doesn't Pay,No
33,265411,716,2000000,5,0.032055754,Yes,Pays,Yes
34,144649,335,2000000,9,0.294200222,Yes,Pays,Yes
50,254814,308,2000000,9,0.901992736,Yes,Doesn't Pay,No
49,252364,370,2000000,10,0.950079598,Yes,Doesn't Pay,No
47,401867,887,2000000,4,0.284680182,Yes,Doesn't Pay,No
39,437776,556,2000000,3,0.69308401,Yes,Doesn't Pay,No
42,384347,338,2000000,8,0.886157695,Yes,Doesn't Pay,No
48,318680,853,2000000,5,0.388025588,Yes,Pays,No
28,95353,654,2000000,10,0.049634591,Yes,Doesn't Pay,No
39,496639,823,2000000,4,0.961433817,Yes,Pays,No
21,185342,587,2000000,4,0.338262396,Yes,Pays,No
37,241361,332,2000000,8,0.364982338,Yes,Pays,No
47,472096,364,2000000,4,0.388009381,Yes,Doesn't Pay,No
40,480643,757,2000000,3,0.610918367,Yes,Doesn't Pay,No
59,477918,326,2000000,4,0.044324059,Yes,Pays,Yes
62,205447,465,2000000,9,0.10049798,Yes,Doesn't Pay,No
31,481987,472,2000000,8,0.049432616,Yes,Pays,Yes
50,349999,824,2000000,8,0.317083232,No,Doesn't Pay,No
34,461974,620,2000000,8,0.643397695,Yes,Pays,No
42,133535,479,2000000,4,0.002608913,Yes,Doesn't Pay,No
42,423074,761,2000000,10,0.827191254,Yes,Pays,No
65,55035,559,2000000,3,0.160368613,Yes,Doesn't Pay,No
37,166514,349,2000000,8,0.504012983,Yes,Doesn't Pay,No
25,388992,615,2000000,7,0.548364302,No,Doesn't Pay,No
53,212442,814,2000000,5,0.455373849,Yes,Pays,No
26,466113,746,2000000,10,0.381639062,Yes,Doesn't Pay,No
36,180672,467,2000000,9,0.329312543,Yes,Doesn't Pay,No
60,109425,441,2000000,3,0.07929676,Yes,Pays,Yes
43,480409,318,2000000,8,0.79301008,Yes,Pays,No
27,177583,706,2000000,7,0.556152241,Yes,Pays,No
39,273764,361,2000000,10,0.334764471,Yes,Doesn't Pay,No
62,173006,700,2000000,7,0.877460461,Yes,Doesn't Pay,No
36,202855,359,2000000,5,0.724481012,Yes,Pays,No
36,62358,693,2000000,3,0.791991187,Yes,Pays,No
52,323342,596,2000000,9,0.015359574,Yes,Doesn't Pay,No
21,409357,727,2000000,4,0.602289409,No,Pays,No
32,180696,382,2000000,9,0.237519884,Yes,Doesn't Pay,No
55,196329,840,2000000,4,0.39867608,No,Pays,No
22,61363,812,2000000,8,0.576731391,No,Doesn't Pay,No
61,487177,567,2000000,3,0.88468766,Yes,Pays,No
63,432601,726,2000000,4,0.549301549,Yes,Pays,No
26,285247,376,2000000,5,0.178392688,Yes,Pays,Yes
62,203093,476,2000000,4,0.335890472,Yes,Pays,No
36,402077,307,2000000,10,0.394226271,Yes,Doesn't Pay,No
30,358321,741,2000000,8,0.792244314,Yes,Doesn't Pay,No
23,103407,367,2000000,3,0.426081002,Yes,Pays,No
54,237904,526,2000000,3,0.002395087,Yes,Doesn't Pay,No
56,233262,647,2000000,10,0.716164425,Yes,Doesn't Pay,No
31,272521,803,2000000,10,0.040477569,Yes,Doesn't Pay,No
57,116239,417,2000000,9,0.109879028,Yes,Pays,Yes
56,410293,764,2000000,5,0.275743368,Yes,Pays,Yes
64,286521,599,2000000,4,0.809297216,Yes,Doesn't Pay,No
49,366886,310,2000000,3,0.592784456,Yes,Doesn't Pay,No
40,112741,456,2000000,3,0.744382035,Yes,Pays,No
43,261717,514,2000000,10,0.142149714,Yes,Doesn't Pay,No
39,227600,647,2000000,9,0.53467218,Yes,Pays,No
41,103001,661,2000000,3,0.165885368,Yes,Pays,Yes
23,495935,625,2000000,10,0.725607808,Yes,Pays,No
49,70686,529,2000000,8,0.261368031,No,Pays,No
37,311235,821,2000000,9,0.804696198,Yes,Doesn't Pay,No
29,425806,665,2000000,5,0.730469697,Yes,Doesn't Pay,No
35,463998,326,2000000,10,0.546902318,Yes,Pays,No
55,70959,326,2000000,4,0.640086054,Yes,Doesn't Pay,No
27,405251,390,2000000,4,0.488605493,Yes,Doesn't Pay,No
24,189442,842,2000000,10,0.119383179,Yes,Pays,Yes
34,315859,444,2000000,8,0.738803527,No,Pays,No
44,92992,458,2000000,7,0.959808249,Yes,Doesn't Pay,No
51,344090,704,2000000,4,0.432010721,Yes,Pays,No
33,152647,570,2000000,7,0.793725968,Yes,Pays,No
41,363764,624,2000000,5,0.200871513,Yes,Pays,Yes
47,324909,415,2000000,3,0.22855991,No,Pays,No
35,420231,662,2000000,4,0.106898647,Yes,Pays,Yes
31,356674,345,2000000,8,0.900749161,Yes,Doesn't Pay,No
64,129689,591,2000000,7,0.725234995,Yes,Pays,No
35,187518,453,2000000,8,0.548933275,Yes,Doesn't Pay,No
43,254778,726,2000000,7,0.690700448,Yes,Pays,No
36,98245,861,2000000,9,0.014237545,Yes,Doesn't Pay,No
40,64101,308,2000000,10,0.460377843,Yes,Doesn't Pay,No
22,307329,713,2000000,9,0.937162104,Yes,Pays,No
42,143572,596,2000000,5,0.838649267,Yes,Pays,No
64,145711,560,2000000,3,0.104962922,No,Pays,No
50,265822,449,2000000,5,0.355044464,Yes,Doesn't Pay,No
50,102357,680,2000000,5,0.764011154,Yes,Doesn't Pay,No
51,93236,466,2000000,4,0.301915373,Yes,Pays,No
44,91404,409,2000000,9,0.026795477,No,Pays,No
26,446778,715,2000000,5,0.975333477,Yes,Pays,No
65,328226,447,2000000,4,0.828832948,No,Pays,No
31,127662,553,2000000,8,0.825175969,Yes,Pays,No
37,294448,455,2000000,8,0.519112379,Yes,Pays,No
32,408385,611,2000000,7,0.922803761,Yes,Pays,No
42,307453,361,2000000,5,0.561927581,Yes,Pays,No
62,359201,595,2000000,5,0.162627421,Yes,Doesn't Pay,No
61,465662,844,2000000,7,0.832453277,Yes,Doesn't Pay,No
61,461139,302,2000000,7,0.644595278,Yes,Doesn't Pay,No
39,411993,482,2000000,10,0.028864341,Yes,Doesn't Pay,No
23,482587,867,2000000,3,0.469472653,Yes,Pays,No
45,73113,458,2000000,4,0.260279304,Yes,Pays,Yes
56,353330,809,2000000,4,0.372164209,Yes,Pays,No
44,334086,765,2000000,5,0.78407323,Yes,Doesn't Pay,No
27,266072,608,2000000,3,0.518442017,Yes,Doesn't Pay,No
40,396834,873,2000000,5,0.892868736,Yes,Doesn't Pay,No
51,238120,400,2000000,5,0.5967873,Yes,Doesn't Pay,No
24,137262,333,2000000,3,0.452987178,Yes,Doesn't Pay,No
54,253263,567,2000000,9,0.275175318,Yes,Pays,Yes
55,346638,408,2000000,5,0.456396452,Yes,Doesn't Pay,No
33,464914,461,2000000,10,0.194152514,Yes,Pays,Yes
48,224485,609,2000000,5,0.69035178,Yes,Pays,No
59,378567,603,2000000,4,0.317034949,Yes,Pays,No
22,497490,592,2000000,8,0.637991975,Yes,Doesn't Pay,No
24,444027,501,2000000,8,0.531578685,Yes,Doesn't Pay,No
29,351956,448,2000000,9,0.89204252,Yes,Pays,No
23,372056,538,2000000,8,0.570233373,Yes,Doesn't Pay,No
23,479099,381,2000000,10,0.900788773,Yes,Doesn't Pay,No
45,192108,489,2000000,4,0.03289229,Yes,Pays,Yes
23,217047,814,2000000,3,0.74040976,Yes,Doesn't Pay,No
45,396892,751,2000000,4,0.410794018,Yes,Doesn't Pay,No
30,300379,302,2000000,5,0.436463038,No,Pays,No
33,125865,760,2000000,8,0.172668335,Yes,Pays,Yes
30,79435,827,2000000,10,0.791018674,Yes,Pays,No
45,64310,797,2000000,7,0.363435208,Yes,Doesn't Pay,No
62,483218,825,2000000,5,0.667635993,Yes,Pays,No
49,296823,716,2000000,3,0.104368188,Yes,Doesn't Pay,No
57,132453,384,2000000,8,0.093527291,Yes,Pays,Yes
36,326020,436,2000000,3,0.157762042,Yes,Doesn't Pay,No
21,312609,504,2000000,3,0.455873906,Yes,Doesn't Pay,No
36,341656,397,2000000,4,0.695692889,Yes,Doesn't Pay,No
29,399985,890,2000000,9,0.682027095,Yes,Pays,No
48,217584,515,2000000,7,0.595104643,Yes,Pays,No
26,234504,492,2000000,7,0.15566004,Yes,Pays,Yes
27,441347,631,2000000,3,0.099628524,Yes,Pays,Yes
44,251990,589,2000000,7,0.26215334,Yes,Pays,Yes
25,414069,685,2000000,10,0.448403176,No,Pays,No
51,51754,495,2000000,5,0.510723563,Yes,Doesn't Pay,No
37,373018,313,2000000,9,0.835374526,Yes,Doesn't Pay,No
42,210204,478,2000000,3,0.063492158,Yes,Pays,Yes
62,387992,502,2000000,5,0.988361983,Yes,Pays,No
43,244819,713,2000000,7,0.174604727,Yes,Doesn't Pay,No
37,406529,698,2000000,4,0.219088639,Yes,Doesn't Pay,No
23,411309,320,2000000,4,0.909125841,Yes,Doesn't Pay,No
56,90514,330,2000000,4,0.967285538,Yes,Pays,No
25,443563,616,2000000,10,0.903254258,Yes,Pays,No
58,133016,680,2000000,8,0.304216451,Yes,Pays,No
39,59152,511,2000000,8,0.409508243,Yes,Doesn't Pay,No
53,136259,897,2000000,5,0.495427302,Yes,Pays,No
41,492132,327,2000000,4,0.094454606,Yes,Doesn't Pay,No
64,449349,860,2000000,8,0.329219419,Yes,Doesn't Pay,No
47,213687,710,2000000,8,0.453794919,Yes,Doesn't Pay,No
33,208534,752,2000000,3,0.382393896,Yes,Doesn't Pay,No
53,122736,598,2000000,4,0.993786214,Yes,Pays,No
37,206546,873,2000000,5,0.821003388,No,Pays,No
43,142113,319,2000000,3,0.746332199,No,Doesn't Pay,No
24,247168,722,2000000,3,0.111003706,Yes,Doesn't Pay,No
28,153931,357,2000000,5,0.810002536,Yes,Pays,No
31,141210,890,2000000,8,0.396853939,Yes,Pays,No
64,341334,690,2000000,4,0.537534122,Yes,Doesn't Pay,No
51,306154,895,2000000,5,0.827850056,Yes,Pays,No
32,215289,373,2000000,4,0.972032623,No,Doesn't Pay,No
34,471377,647,2000000,8,0.549559094,No,Doesn't Pay,No
34,305159,719,2000000,7,0.05616259,Yes,Pays,Yes
56,371080,536,2000000,4,0.860015944,Yes,Doesn't Pay,No
65,237078,881,2000000,9,0.070247853,Yes,Doesn't Pay,No
65,240754,367,2000000,9,0.75841971,Yes,Doesn't Pay,No
30,252728,444,2000000,3,0.976655343,Yes,Pays,No
58,243726,325,2000000,5,0.126943168,Yes,Doesn't Pay,No
23,94914,726,2000000,10,0.645777327,Yes,Pays,No
43,139773,855,2000000,4,0.008070548,Yes,Pays,Yes
27,317000,374,2000000,5,0.313541199,Yes,Doesn't Pay,No
62,113997,368,2000000,4,0.676409509,Yes,Doesn't Pay,No
50,135700,731,2000000,5,0.131821608,Yes,Doesn't Pay,No
26,382504,384,2000000,5,0.944249091,Yes,Doesn't Pay,No
59,339192,804,2000000,8,0.97509943,Yes,Pays,No
23,58996,792,2000000,3,0.473912635,Yes,Pays,No
43,279997,418,2000000,10,0.031333079,Yes,Pays,Yes
24,361589,360,2000000,3,0.997371692,Yes,Doesn't Pay,No
24,56832,639,2000000,7,0.257567081,Yes,Doesn't Pay,No
43,348939,868,2000000,8,0.517931468,Yes,Pays,No
52,398016,348,2000000,8,0.047600993,Yes,Doesn't Pay,No
45,110934,872,2000000,5,0.22849012,Yes,Pays,Yes
53,100927,360,2000000,4,0.858203498,No,Pays,No
56,326173,827,2000000,10,0.530712061,Yes,Doesn't Pay,No
51,164474,395,2000000,8,0.301508335,Yes,Doesn't Pay,No
53,379168,443,2000000,3,0.339520907,No,Pays,No
36,450457,320,2000000,9,0.751019853,No,Doesn't Pay,No
43,309293,615,2000000,10,0.275523511,No,Pays,No
51,461197,796,2000000,9,0.888400864,Yes,Doesn't Pay,No
27,248937,436,2000000,3,0.831180463,Yes,Doesn't Pay,No
47,365315,576,2000000,5,0.375876862,Yes,Doesn't Pay,No
61,227073,777,2000000,10,0.629344445,Yes,Doesn't Pay,No
63,398875,309,2000000,5,0.594721484,Yes,Doesn't Pay,No
62,445111,824,2000000,3,0.949365157,Yes,Pays,No
38,378665,757,2000000,5,0.062060425,No,Pays,No
45,421093,311,2000000,9,0.636020107,No,Pays,No
32,371184,448,2000000,7,0.801651858,Yes,Doesn't Pay,No
65,102516,781,2000000,3,0.396599793,No,Pays,No
32,448340,704,2000000,9,0.163876294,Yes,Pays,Yes
62,217082,605,2000000,3,0.079061533,Yes,Doesn't Pay,No
53,204050,875,2000000,3,0.673085481,Yes,Doesn't Pay,No
59,276558,890,2000000,4,0.58010604,Yes,Pays,No
47,254298,652,2000000,7,0.364356016,Yes,Doesn't Pay,No
45,279485,457,2000000,9,0.05715588,Yes,Doesn't Pay,No
22,239956,839,2000000,10,0.199306494,Yes,Doesn't Pay,No
33,483025,476,2000000,10,0.956031908,Yes,Doesn't Pay,No
56,233508,896,2000000,3,0.346189302,Yes,Pays,No
28,276293,842,2000000,5,0.970451756,Yes,Pays,No
52,95051,327,2000000,8,0.267361291,No,Doesn't Pay,No
36,275068,868,2000000,4,0.943766377,Yes,Doesn't Pay,No
31,335038,310,2000000,3,0.188240436,No,Doesn't Pay,No
60,312973,664,2000000,8,0.947764416,Yes,Doesn't Pay,No
36,137518,841,2000000,9,0.234230576,No,Pays,No
46,449651,592,2000000,3,0.217992472,Yes,Doesn't Pay,No
48,333543,404,2000000,4,0.394277922,Yes,Doesn't Pay,No
21,370073,819,2000000,5,0.425612566,Yes,Doesn't Pay,No
39,434913,393,2000000,3,0.228141449,Yes,Doesn't Pay,No
38,388784,868,2000000,10,0.509866957,Yes,Doesn't Pay,No
35,439967,840,2000000,3,0.728079644,Yes,Doesn't Pay,No
60,168414,778,2000000,3,0.401472635,Yes,Pays,No
41,311118,307,2000000,8,0.856409818,Yes,Doesn't Pay,No
47,478953,551,2000000,7,0.407944897,Yes,Doesn't Pay,No
60,401418,639,2000000,10,0.922837207,Yes,Pays,No
65,70424,363,2000000,8,0.480833976,Yes,Doesn't Pay,No
36,336528,496,2000000,10,0.435184487,Yes,Doesn't Pay,No
57,342868,894,2000000,9,0.753462787,Yes,Pays,No
64,51979,523,2000000,4,0.539377434,Yes,Doesn't Pay,No
49,314378,723,2000000,5,0.782364225,Yes,Pays,No
46,271896,470,2000000,5,0.816286553,Yes,Pays,No
35,313254,756,2000000,10,0.23987671,Yes,Doesn't Pay,No
46,186516,766,2000000,8,0.643644327,Yes,Doesn't Pay,No
21,123731,715,2000000,5,0.137615838,Yes,Doesn't Pay,No
34,160461,648,2000000,7,0.85080487,Yes,Pays,No
21,236137,627,2000000,9,0.836931514,Yes,Pays,No
25,435595,314,2000000,9,0.701683691,Yes,Pays,No
24,364968,655,2000000,7,0.658492034,No,Pays,No
63,388569,894,2000000,8,0.257010814,Yes,Doesn't Pay,No
51,332664,612,2000000,8,0.94121054,No,Pays,No
38,60522,586,2000000,9,0.362079849,Yes,Pays,No
44,58346,421,2000000,9,0.002538537,Yes,Pays,Yes
58,168585,426,2000000,5,0.353525249,Yes,Pays,No
41,308906,416,2000000,4,0.185321584,Yes,Pays,Yes
48,293811,395,2000000,8,0.990014367,Yes,Pays,No
25,471423,312,2000000,8,0.460973461,Yes,Doesn't Pay,No
30,449284,312,2000000,3,0.427885859,Yes,Doesn't Pay,No
30,461031,791,2000000,5,0.087321385,Yes,Doesn't Pay,No
47,424872,788,2000000,10,0.212742806,Yes,Doesn't Pay,No
23,260288,857,2000000,3,0.227572282,Yes,Doesn't Pay,No
54,77810,486,2000000,4,0.032502563,Yes,Doesn't Pay,No
54,239856,812,2000000,9,0.44767673,Yes,Pays,No
47,464321,854,2000000,4,0.214576701,Yes,Doesn't Pay,No
47,233227,752,2000000,7,0.005770235,Yes,Pays,Yes
48,221411,886,2000000,8,0.140792028,Yes,Pays,Yes
32,405505,850,2000000,5,0.072794391,Yes,Doesn't Pay,No
58,164219,379,2000000,5,0.47821616,Yes,Doesn't Pay,No
64,72230,310,2000000,7,0.627501635,Yes,Pays,No
52,66111,624,2000000,9,0.986531786,Yes,Doesn't Pay,No
41,307421,779,2000000,8,0.499108826,Yes,Pays,No
54,142639,660,2000000,5,0.510130378,Yes,Pays,No
40,231856,397,2000000,9,0.348366099,Yes,Doesn't Pay,No
48,59320,450,2000000,4,0.507377415,Yes,Pays,No
64,462114,885,2000000,8,0.163631581,Yes,Doesn't Pay,No
47,259390,756,2000000,3,0.937481658,Yes,Doesn't Pay,No
58,209768,735,2000000,10,0.797479763,Yes,Pays,No
36,206758,828,2000000,9,0.486506466,Yes,Doesn't Pay,No
36,358176,552,2000000,8,0.042101375,Yes,Pays,Yes
29,327320,336,2000000,5,0.41755388,Yes,Doesn't Pay,No
21,257995,818,2000000,10,0.66368645,Yes,Pays,No
30,373045,695,2000000,9,0.202349225,Yes,Doesn't Pay,No
36,244867,548,2000000,5,0.101178649,No,Doesn't Pay,No
29,177698,520,2000000,8,0.760749219,Yes,Doesn't Pay,No
33,202830,369,2000000,8,0.57242468,Yes,Pays,No
59,109527,875,2000000,4,0.432842254,Yes,Pays,No
63,378580,450,2000000,8,0.176163733,Yes,Pays,Yes
46,303265,863,2000000,5,0.944772741,No,Doesn't Pay,No
30,220383,532,2000000,3,0.962250071,Yes,Pays,No
54,442558,807,2000000,5,0.540920385,Yes,Doesn't Pay,No
42,84736,470,2000000,10,0.659301695,Yes,Doesn't Pay,No
26,208155,446,2000000,3,0.673064019,Yes,Doesn't Pay,No
53,117152,586,2000000,5,0.865408274,Yes,Doesn't Pay,No
26,260769,439,2000000,4,0.415861467,No,Doesn't Pay,No
59,318396,857,2000000,9,0.389619266,Yes,Doesn't Pay,No
25,193440,692,2000000,7,0.938543705,Yes,Doesn't Pay,No
28,88929,631,2000000,10,0.534598954,Yes,Doesn't Pay,No
55,253576,423,2000000,4,0.412967002,Yes,Pays,No
27,343025,621,2000000,7,0.950227022,Yes,Doesn't Pay,No
30,73071,747,2000000,4,0.707518412,Yes,Pays,No
63,306609,345,2000000,9,0.415103807,Yes,Pays,No
23,489354,710,2000000,8,0.390654728,Yes,Doesn't Pay,No
25,276446,799,2000000,8,0.380561867,Yes,Doesn't Pay,No
58,247662,430,2000000,4,0.243752638,Yes,Doesn't Pay,No
24,87797,471,2000000,3,0.533007652,Yes,Doesn't Pay,No
29,431717,853,2000000,3,0.540207244,Yes,Pays,No
48,139846,806,2000000,10,0.437893255,Yes,Pays,No
39,244220,332,2000000,3,0.28061405,Yes,Pays,Yes
65,372573,532,2000000,8,0.846698313,Yes,Pays,No
57,136457,359,2000000,3,0.257834993,Yes,Pays,Yes
50,102098,484,2000000,7,0.684746062,Yes,Pays,No
61,293646,486,2000000,5,0.143406591,Yes,Pays,Yes
23,50693,564,2000000,10,0.101020929,Yes,Doesn't Pay,No
45,366375,883,2000000,8,0.802893671,Yes,Doesn't Pay,No
44,65933,383,2000000,7,0.648720454,Yes,Doesn't Pay,No
37,410606,859,2000000,3,0.068037292,Yes,Pays,Yes
55,210659,523,2000000,10,0.131037245,Yes,Pays,Yes
37,76761,593,2000000,8,0.648623668,Yes,Doesn't Pay,No
48,386671,568,2000000,7,0.075150683,Yes,Doesn't Pay,No
58,168342,615,2000000,4,0.818060307,Yes,Doesn't Pay,No
48,478081,635,2000000,10,0.167989546,Yes,Doesn't Pay,No
53,347223,345,2000000,7,0.545367815,Yes,Doesn't Pay,No
57,128018,348,2000000,8,0.147381494,Yes,Doesn't Pay,No
46,222985,321,2000000,8,0.628834076,Yes,Pays,No
43,296716,338,2000000,8,0.941189103,Yes,Pays,No
26,457728,486,2000000,10,0.839121409,Yes,Pays,No
56,81323,658,2000000,10,0.201754711,Yes,Pays,Yes
21,129951,315,2000000,3,0.991467712,Yes,Pays,No
41,262773,774,2000000,3,0.678960759,Yes,Doesn't Pay,No
34,253662,439,2000000,4,0.155089393,Yes,Doesn't Pay,No
29,336602,574,2000000,10,0.222444452,Yes,Pays,Yes
65,192151,782,2000000,5,0.055329525,Yes,Pays,Yes
37,401575,815,2000000,9,0.74961399,Yes,Pays,No
28,134516,677,2000000,5,0.942443521,Yes,Pays,No
28,52793,638,2000000,7,0.150678984,Yes,Pays,Yes
21,223538,767,2000000,5,0.682713342,Yes,Pays,No
43,366385,346,2000000,3,0.350495046,No,Pays,No
28,279898,681,2000000,10,0.430660484,Yes,Pays,No
35,339907,860,2000000,4,0.855715485,Yes,Doesn't Pay,No
65,243695,457,2000000,10,0.549967386,No,Doesn't Pay,No
53,390030,404,2000000,7,0.247417703,Yes,Doesn't Pay,No
32,213901,786,2000000,3,0.691072017,Yes,Pays,No
60,110260,390,2000000,4,0.104260079,No,Pays,No
50,119328,684,2000000,10,0.221239418,Yes,Pays,Yes
36,76413,579,2000000,8,0.128189505,Yes,Pays,Yes
62,86015,604,2000000,4,0.758479641,Yes,Doesn't Pay,No
46,262724,324,2000000,5,0.96563492,Yes,Doesn't Pay,No
50,269480,815,2000000,7,0.53636644,Yes,Doesn't Pay,No
40,80378,898,2000000,7,0.228371032,Yes,Doesn't Pay,No
37,388923,890,2000000,8,0.718467927,Yes,Doesn't Pay,No
41,388095,522,2000000,9,0.741559439,Yes,Doesn't Pay,No
37,190249,335,2000000,10,0.873362124,Yes,Doesn't Pay,No
35,413797,474,2000000,10,0.399404091,Yes,Pays,No
47,271319,501,2000000,4,0.881878872,Yes,Pays,No
23,157869,823,2000000,4,0.296919721,Yes,Pays,Yes
52,278858,415,2000000,9,0.439570302,Yes,Pays,No
29,196534,601,2000000,8,0.611147541,Yes,Pays,No
28,250660,683,2000000,8,0.22716749,Yes,Doesn't Pay,No
32,227118,576,2000000,9,0.210434248,Yes,Pays,Yes
50,282486,444,2000000,10,0.825437778,No,Pays,No
48,480294,847,2000000,3,0.032665436,Yes,Pays,Yes
49,147685,424,2000000,3,0.553802468,Yes,Pays,No
48,305711,557,2000000,4,0.615602809,No,Doesn't Pay,No
41,94442,425,2000000,9,0.719676142,Yes,Doesn't Pay,No
45,439774,548,2000000,9,0.227337556,Yes,Pays,Yes
24,327881,371,2000000,5,0.928446633,Yes,Pays,No
34,147739,420,2000000,7,0.72441215,Yes,Doesn't Pay,No
25,432610,875,2000000,7,0.9545931,Yes,Pays,No
38,287512,759,2000000,3,0.959598132,Yes,Pays,No
41,463025,303,2000000,3,0.121949515,Yes,Pays,Yes
46,445610,462,2000000,10,0.680539001,Yes,Doesn't Pay,No
49,407639,879,2000000,8,0.126660036,Yes,Pays,Yes
37,60344,487,2000000,3,0.731459792,Yes,Pays,No
60,251012,488,2000000,4,0.535026883,Yes,Pays,No
47,464897,753,2000000,9,0.361933799,Yes,Pays,No
50,261562,483,2000000,10,0.720091873,Yes,Doesn't Pay,No
55,462334,735,2000000,4,0.558898942,Yes,Pays,No
37,238242,584,2000000,8,0.193807485,Yes,Pays,Yes
37,226536,419,2000000,5,0.689572845,No,Doesn't Pay,No
26,262530,617,2000000,9,0.236554116,Yes,Pays,Yes
54,440048,507,2000000,8,0.958001899,Yes,Pays,No
28,276440,593,2000000,5,0.503735124,Yes,Pays,No
23,362178,397,2000000,9,0.491009617,Yes,Pays,No
49,90033,756,2000000,4,0.311238897,Yes,Pays,No
46,315824,491,2000000,4,0.765502241,Yes,Doesn't Pay,No
45,437239,529,2000000,9,0.542761932,No,Pays,No
64,289354,541,2000000,7,0.510998146,Yes,Doesn't Pay,No
47,359330,526,2000000,3,0.205449064,Yes,Pays,Yes
32,165697,718,2000000,5,0.132787177,Yes,Pays,Yes
55,319005,607,2000000,5,0.7446394,No,Doesn't Pay,No
50,162863,563,2000000,9,0.416228489,Yes,Pays,No
48,57617,305,2000000,4,0.721536743,Yes,Doesn't Pay,No
63,220757,572,2000000,4,0.798601522,Yes,Doesn't Pay,No
53,330876,497,2000000,10,0.500382795,Yes,Pays,No
64,274411,456,2000000,10,0.208113862,Yes,Doesn't Pay,No
27,115805,314,2000000,9,0.070695242,Yes,Pays,Yes
46,98640,326,2000000,5,0.431056216,Yes,Pays,No
35,106680,842,2000000,9,0.923309363,No,Pays,No
37,196486,307,2000000,8,0.39592727,Yes,Doesn't Pay,No
50,385972,822,2000000,5,0.714716238,Yes,Doesn't Pay,No
60,86239,738,2000000,4,0.452623494,Yes,Pays,No
47,449817,819,2000000,5,0.887957503,Yes,Doesn't Pay,No
21,498939,440,2000000,3,0.319824768,Yes,Doesn't Pay,No
38,375066,765,2000000,5,0.840511616,Yes,Doesn't Pay,No
65,358719,675,2000000,9,0.921905283,Yes,Pays,No
46,211592,365,2000000,4,0.446992948,Yes,Pays,No
48,128733,562,2000000,10,0.223996787,Yes,Pays,Yes
44,128337,370,2000000,7,0.066653786,Yes,Pays,Yes
25,234366,563,2000000,3,0.643570929,No,Doesn't Pay,No
47,373671,681,2000000,4,0.825963828,Yes,Pays,No
31,299071,683,2000000,7,0.898109672,Yes,Pays,No
52,248036,456,2000000,4,0.966956179,Yes,Doesn't Pay,No
39,398742,442,2000000,9,0.903174003,Yes,Pays,No
50,476713,872,2000000,9,0.54611842,No,Pays,No
52,377860,430,2000000,9,0.882934029,Yes,Doesn't Pay,No
64,157195,632,2000000,7,0.415865021,Yes,Doesn't Pay,No
35,470775,811,2000000,7,0.558486917,Yes,Pays,No
22,182279,587,2000000,10,0.188042436,Yes,Doesn't Pay,No
45,147507,708,2000000,10,0.39554001,Yes,Doesn't Pay,No
65,318554,813,2000000,5,0.23638525,Yes,Pays,Yes
42,138304,380,2000000,3,0.276301928,Yes,Pays,Yes
61,184368,385,2000000,3,0.178542053,Yes,Pays,Yes
30,441871,742,2000000,4,0.485123027,Yes,Pays,No
34,288029,395,2000000,4,0.581663292,Yes,Pays,No
41,496509,765,2000000,4,0.288864226,Yes,Pays,Yes
43,196177,397,2000000,3,0.631258132,Yes,Doesn't Pay,No
35,332226,815,2000000,8,0.467599486,No,Pays,No
41,52012,536,2000000,10,0.832453517,Yes,Pays,No
25,186104,864,2000000,7,0.988382403,Yes,Doesn't Pay,No
50,384053,530,2000000,9,0.053162628,Yes,Pays,Yes
60,83404,550,2000000,3,0.650017077,Yes,Pays,No
35,342208,567,2000000,5,0.205111097,Yes,Doesn't Pay,No
36,221576,744,2000000,4,0.984418284,Yes,Pays,No
21,441791,459,2000000,5,0.564258228,Yes,Doesn't Pay,No
44,240164,667,2000000,10,0.855324873,Yes,Doesn't Pay,No
53,445341,841,2000000,5,0.205519921,Yes,Pays,Yes
45,369791,812,2000000,3,0.290982691,Yes,Pays,Yes
44,158112,873,2000000,7,0.00888584,Yes,Doesn't Pay,No
43,441076,481,2000000,10,0.696484758,Yes,Pays,No
36,205597,534,2000000,10,0.92236613,Yes,Doesn't Pay,No
32,251030,816,2000000,4,0.517519243,Yes,Pays,No
56,203213,760,2000000,7,0.393472295,Yes,Doesn't Pay,No
42,459352,849,2000000,10,0.125963646,Yes,Doesn't Pay,No
41,489350,848,2000000,3,0.932263018,Yes,Doesn't Pay,No
29,89089,817,2000000,10,0.579016544,Yes,Doesn't Pay,No
35,488019,821,2000000,4,0.425824118,Yes,Doesn't Pay,No
37,80242,492,2000000,3,0.937590512,Yes,Doesn't Pay,No
62,406217,348,2000000,7,0.910427699,No,Doesn't Pay,No
49,380152,312,2000000,8,0.021053353,Yes,Pays,Yes
30,238333,656,2000000,4,0.843772891,Yes,Doesn't Pay,No
25,486682,806,2000000,7,0.824185968,Yes,Doesn't Pay,No
47,457086,733,2000000,10,0.049343025,Yes,Doesn't Pay,No
23,181478,631,2000000,5,0.966886411,Yes,Doesn't Pay,No
45,484688,451,2000000,4,0.362962558,Yes,Pays,No
48,218136,654,2000000,3,0.698246384,Yes,Doesn't Pay,No
59,423756,335,2000000,7,0.168472836,Yes,Doesn't Pay,No
36,310255,799,2000000,10,0.140095279,Yes,Pays,Yes
37,98628,675,2000000,3,0.083149676,Yes,Doesn't Pay,No
45,94703,419,2000000,9,0.131376064,Yes,Doesn't Pay,No
40,127960,649,2000000,9,0.117265907,Yes,Pays,Yes
27,326592,731,2000000,8,0.274843488,Yes,Doesn't Pay,No
31,418524,562,2000000,7,0.199439863,Yes,Doesn't Pay,No
60,59886,437,2000000,9,0.913232108,Yes,Pays,No
39,320201,327,2000000,9,0.984980539,Yes,Pays,No
56,236254,386,2000000,9,0.17662133,Yes,Pays,Yes
61,62535,468,2000000,10,0.23343969,Yes,Pays,Yes
44,344520,300,2000000,8,0.228067932,Yes,Doesn't Pay,No
60,125656,412,2000000,8,0.844792537,Yes,Doesn't Pay,No
42,417842,599,2000000,4,0.655128805,Yes,Doesn't Pay,No
65,432354,534,2000000,10,0.423291211,Yes,Pays,No
39,403966,814,2000000,8,0.322595852,Yes,Pays,No
28,113277,377,2000000,8,0.132107458,Yes,Pays,Yes
34,209334,307,2000000,5,0.818584019,Yes,Doesn't Pay,No
55,120282,313,2000000,9,0.806256533,Yes,Doesn't Pay,No
41,343723,628,2000000,9,0.638035762,Yes,Pays,No
35,368449,678,2000000,7,0.230273092,Yes,Doesn't Pay,No
23,285579,529,2000000,7,0.130865222,Yes,Pays,Yes
25,362900,805,2000000,7,0.279214719,Yes,Pays,Yes
44,484272,769,2000000,10,0.929070686,Yes,Doesn't Pay,No
33,255731,341,2000000,5,0.574678787,Yes,Pays,No
29,433286,629,2000000,9,0.219742301,Yes,Doesn't Pay,No
40,456161,862,2000000,7,0.254078746,Yes,Doesn't Pay,No
26,149763,356,2000000,8,0.430741128,Yes,Pays,No
31,166366,848,2000000,9,0.747965852,Yes,Doesn't Pay,No
48,270984,414,2000000,3,0.08446191,Yes,Doesn't Pay,No
63,309521,861,2000000,7,0.547753678,Yes,Pays,No
42,424671,692,2000000,4,0.044966652,Yes,Doesn't Pay,No
37,268882,735,2000000,9,0.018702871,Yes,Pays,Yes
32,197235,847,2000000,3,0.736073065,Yes,Doesn't Pay,No
51,358987,513,2000000,9,0.413473472,Yes,Pays,No
61,368452,685,2000000,10,0.715568337,Yes,Pays,No
44,143630,652,2000000,4,0.540410662,Yes,Pays,No
41,402507,851,2000000,7,0.637770419,Yes,Doesn't Pay,No
34,282622,805,2000000,3,0.881784904,Yes,Doesn't Pay,No
22,121442,810,2000000,7,0.247411685,Yes,Pays,Yes
65,58066,523,2000000,10,0.896556018,Yes,Pays,No
27,465077,501,2000000,9,0.69556409,Yes,Pays,No
39,379292,418,2000000,3,0.095862136,Yes,Pays,Yes
54,470408,809,2000000,4,0.398960028,Yes,Pays,No
59,98743,568,2000000,7,0.931055917,Yes,Pays,No
22,192502,542,2000000,9,0.629016083,Yes,Doesn't Pay,No
56,397142,400,2000000,10,0.02150081,No,Doesn't Pay,No
57,64280,524,2000000,9,0.497497449,Yes,Pays,No
46,219720,461,2000000,8,0.625928615,No,Doesn't Pay,No
59,122144,346,2000000,7,0.520215402,No,Pays,No
55,253902,517,2000000,10,0.634048119,Yes,Doesn't Pay,No
23,61048,606,2000000,3,0.192655071,No,Doesn't Pay,No
61,156416,674,2000000,7,0.842265329,Yes,Pays,No
34,268355,597,2000000,7,0.991152269,Yes,Doesn't Pay,No
51,332422,893,2000000,3,0.731857264,Yes,Doesn't Pay,No
49,188837,494,2000000,5,0.729042629,Yes,Pays,No
65,236579,379,2000000,9,0.577954228,Yes,Pays,No
55,206263,718,2000000,4,0.786057602,Yes,Pays,No
38,318954,576,2000000,10,0.893147337,Yes,Pays,No
30,235185,884,2000000,4,0.464177166,No,Doesn't Pay,No
33,428075,407,2000000,10,0.515102685,Yes,Doesn't Pay,No
42,260630,562,2000000,9,0.690952432,Yes,Doesn't Pay,No
58,74768,617,2000000,5,0.165639677,Yes,Doesn't Pay,No
43,291826,323,2000000,8,0.950580562,Yes,Doesn't Pay,No
38,68366,385,2000000,7,0.156208376,Yes,Pays,Yes
34,250809,409,2000000,8,0.99080683,Yes,Pays,No
54,388290,443,2000000,10,0.717265485,Yes,Doesn't Pay,No
55,312541,322,2000000,7,0.855556838,Yes,Doesn't Pay,No
33,252902,786,2000000,7,0.732039,Yes,Pays,No
63,240661,567,2000000,10,0.179260833,Yes,Doesn't Pay,No
65,318198,644,2000000,4,0.658951699,Yes,Pays,No
33,290142,758,2000000,5,0.976082754,Yes,Pays,No
45,202002,469,2000000,3,0.936113509,Yes,Doesn't Pay,No
24,188512,499,2000000,3,0.650411226,Yes,Doesn't Pay,No
35,403586,807,2000000,7,0.879391187,Yes,Pays,No
35,338211,433,2000000,8,0.933820366,Yes,Doesn't Pay,No
40,392614,628,2000000,9,0.637538207,Yes,Doesn't Pay,No
29,267270,640,2000000,8,0.934876343,Yes,Pays,No
40,182201,805,2000000,10,0.303375462,Yes,Doesn't Pay,No
63,84806,771,2000000,5,0.294269897,Yes,Doesn't Pay,No
22,62745,414,2000000,4,0.289227099,Yes,Doesn't Pay,No
51,237936,783,2000000,10,0.011333126,Yes,Pays,Yes
49,484179,515,2000000,7,0.375695659,Yes,Pays,No
51,132625,596,2000000,5,0.65411244,Yes,Pays,No
65,122786,779,2000000,8,0.53886345,Yes,Doesn't Pay,No
56,384394,454,2000000,5,0.80832439,Yes,Pays,No
53,350800,830,2000000,4,0.264211406,Yes,Doesn't Pay,No
21,480460,407,2000000,8,0.084310106,Yes,Doesn't Pay,No
55,319162,470,2000000,9,0.259839101,Yes,Pays,Yes
38,296271,789,2000000,4,0.170011297,Yes,Pays,Yes
28,411924,309,2000000,8,0.201413014,Yes,Pays,Yes
35,185209,463,2000000,9,0.665970858,Yes,Pays,No
27,206963,435,2000000,8,0.824790816,Yes,Pays,No
65,182471,659,2000000,8,0.78753083,Yes,Doesn't Pay,No
33,243841,561,2000000,5,0.494348957,Yes,Doesn't Pay,No
38,397813,608,2000000,7,0.59654897,Yes,Doesn't Pay,No
53,61835,480,2000000,8,0.752211997,Yes,Pays,No
46,299549,591,2000000,5,0.136544175,Yes,Pays,Yes
44,374735,617,2000000,10,0.83450148,Yes,Doesn't Pay,No
49,375325,638,2000000,3,0.382769291,Yes,Pays,No
40,72029,539,2000000,4,0.435078869,Yes,Pays,No
62,453115,553,2000000,4,0.71811647,Yes,Doesn't Pay,No
47,477263,442,2000000,3,0.223691298,Yes,Pays,Yes
56,64245,761,2000000,7,0.187809773,Yes,Pays,Yes
39,208635,664,2000000,8,0.049407129,Yes,Doesn't Pay,No
32,339951,847,2000000,3,0.94774043,Yes,Doesn't Pay,No
21,123253,398,2000000,5,0.011928018,Yes,Doesn't Pay,No
51,134246,799,2000000,5,0.58385485,Yes,Doesn't Pay,No
25,274833,851,2000000,4,0.059002442,No,Pays,No
56,297406,407,2000000,9,0.447253574,Yes,Pays,No
33,396155,520,2000000,3,0.228694756,Yes,Pays,Yes
59,132400,450,2000000,3,0.307388572,Yes,Doesn't Pay,No
59,465375,309,2000000,5,0.654078688,Yes,Pays,No
55,442815,869,2000000,9,0.240631873,Yes,Doesn't Pay,No
25,424397,772,2000000,5,0.544332069,Yes,Doesn't Pay,No
49,440265,387,2000000,4,0.956422215,No,Doesn't Pay,No
21,207472,525,2000000,3,0.057902976,Yes,Pays,Yes
23,68064,438,2000000,5,0.998355516,Yes,Pays,No
56,463800,486,2000000,8,0.864388032,Yes,Pays,No
30,493694,553,2000000,7,0.680681518,Yes,Doesn't Pay,No
57,435782,612,2000000,7,0.532870274,Yes,Pays,No
36,226098,634,2000000,3,0.048838873,Yes,Doesn't Pay,No
33,482257,857,2000000,8,0.409871462,Yes,Pays,No
39,108130,416,2000000,10,0.764389272,Yes,Doesn't Pay,No
26,130423,300,2000000,8,0.940731451,Yes,Pays,No
25,413145,400,2000000,5,0.331708063,Yes,Doesn't Pay,No
24,494279,313,2000000,7,0.904697397,Yes,Pays,No
34,83269,411,2000000,8,0.210682028,Yes,Pays,Yes
27,331732,770,2000000,10,0.619431728,Yes,Doesn't Pay,No
64,71441,819,2000000,7,0.937798512,Yes,Doesn't Pay,No
35,342732,758,2000000,8,0.513917329,Yes,Doesn't Pay,No
21,241616,532,2000000,5,0.669238044,Yes,Doesn't Pay,No
24,380460,893,2000000,8,0.876208398,Yes,Pays,No
24,369073,892,2000000,7,0.219364318,Yes,Doesn't Pay,No
64,246514,575,2000000,8,0.097750906,Yes,Doesn't Pay,No
22,317154,318,2000000,10,0.140091427,Yes,Doesn't Pay,No
21,95748,666,2000000,5,0.953152551,Yes,Pays,No
61,180778,634,2000000,3,0.267944702,Yes,Pays,Yes
64,171369,584,2000000,7,0.889655309,Yes,Doesn't Pay,No
44,114691,448,2000000,8,0.214636175,Yes,Pays,Yes
37,397452,831,2000000,5,0.253021832,Yes,Doesn't Pay,No
40,224818,671,2000000,8,0.224746664,Yes,Doesn't Pay,No
39,145525,792,2000000,8,0.293378306,Yes,Doesn't Pay,No
27,125065,846,2000000,8,0.641766277,No,Pays,No
35,483551,665,2000000,3,0.608734952,Yes,Doesn't Pay,No
27,110636,853,2000000,3,0.218143872,Yes,Doesn't Pay,No
63,176032,710,2000000,10,0.691021107,Yes,Pays,No
54,88464,765,2000000,5,0.806310336,Yes,Pays,No
62,123786,722,2000000,5,0.094407617,Yes,Doesn't Pay,No
43,104769,347,2000000,3,0.375389134,Yes,Doesn't Pay,No
30,407962,728,2000000,8,0.822391885,Yes,Doesn't Pay,No
62,228888,382,2000000,10,0.198712935,Yes,Pays,Yes
44,166321,570,2000000,5,0.410262585,Yes,Pays,No
59,460612,509,2000000,9,0.573076023,Yes,Pays,No
32,177587,652,2000000,4,0.411957949,Yes,Pays,No
22,424964,450,2000000,5,0.467087761,Yes,Doesn't Pay,No
22,239492,415,2000000,7,0.107811888,Yes,Pays,Yes
35,456382,691,2000000,5,0.383425962,Yes,Doesn't Pay,No
56,219699,704,2000000,7,0.265538099,No,Doesn't Pay,No
42,349336,384,2000000,3,0.256238629,Yes,Pays,Yes
62,449098,359,2000000,4,0.715211853,Yes,Doesn't Pay,No
44,414286,381,2000000,3,0.921409202,Yes,Doesn't Pay,No
38,248746,584,2000000,9,0.638469093,Yes,Doesn't Pay,No
39,497050,735,2000000,10,0.127128722,Yes,Pays,Yes
59,209349,416,2000000,7,0.053031715,Yes,Pays,Yes
41,251601,795,2000000,4,0.797026234,Yes,Pays,No
53,114376,301,2000000,10,0.032860531,Yes,Pays,Yes
37,140616,389,2000000,8,0.243310101,Yes,Pays,Yes
63,459360,797,2000000,10,0.501030845,Yes,Doesn't Pay,No
64,207786,522,2000000,10,0.296023662,Yes,Doesn't Pay,No
49,248787,810,2000000,8,0.916427741,Yes,Doesn't Pay,No
43,395214,675,2000000,4,0.213303703,Yes,Doesn't Pay,No
34,178295,770,2000000,4,0.833065727,Yes,Doesn't Pay,No
38,481890,474,2000000,7,0.232776733,Yes,Doesn't Pay,No
62,398555,643,2000000,10,0.856154591,Yes,Pays,No
64,214386,428,2000000,4,0.457361856,Yes,Doesn't Pay,No
65,68666,326,2000000,3,0.66777043,No,Pays,No
53,496880,715,2000000,8,0.270440008,Yes,Doesn't Pay,No
60,480656,868,2000000,7,0.269227622,Yes,Pays,Yes
22,240062,406,2000000,3,0.535100998,No,Doesn't Pay,No
25,196653,894,2000000,8,0.097033099,Yes,Doesn't Pay,No
56,415717,801,2000000,3,0.701202616,Yes,Doesn't Pay,No
35,151119,898,2000000,8,0.484192481,Yes,Doesn't Pay,No
59,359659,753,2000000,10,0.316087822,Yes,Pays,No
37,401027,419,2000000,9,0.504152522,Yes,Doesn't Pay,No
26,99414,337,2000000,5,0.516404449,No,Pays,No
25,300997,473,2000000,4,0.443446033,Yes,Doesn't Pay,No
24,368992,860,2000000,10,0.311105361,Yes,Doesn't Pay,No
65,252668,562,2000000,5,0.294110588,Yes,Doesn't Pay,No
21,126497,817,2000000,7,0.859833974,Yes,Pays,No
41,157502,529,2000000,8,0.81218468,Yes,Doesn't Pay,No
26,347168,514,2000000,4,0.348498447,Yes,Pays,No
30,157763,431,2000000,9,0.258901295,Yes,Pays,Yes
42,255828,323,2000000,9,0.99206823,Yes,Doesn't Pay,No
39,182075,362,2000000,4,0.018992849,Yes,Doesn't Pay,No
35,179686,579,2000000,4,0.98320696,Yes,Doesn't Pay,No
64,218717,401,2000000,4,0.102978669,Yes,Pays,Yes
31,257761,377,2000000,7,0.374288918,Yes,Doesn't Pay,No
43,61121,672,2000000,10,0.987418884,Yes,Pays,No
23,207059,328,2000000,5,0.37207696,Yes,Doesn't Pay,No
62,244076,886,2000000,8,0.200608351,Yes,Pays,Yes
28,180372,552,2000000,7,0.234827905,Yes,Doesn't Pay,No
64,375929,389,2000000,10,0.955266446,Yes,Pays,No
57,343590,879,2000000,4,0.185765376,Yes,Doesn't Pay,No
33,220067,639,2000000,8,0.597292941,Yes,Pays,No
57,193060,363,2000000,9,0.371213925,Yes,Doesn't Pay,No
39,248948,521,2000000,5,0.827967163,Yes,Doesn't Pay,No
61,355252,514,2000000,4,0.160263525,Yes,Pays,Yes
28,69336,859,2000000,9,0.517655394,No,Doesn't Pay,No
22,325864,580,2000000,10,0.211262934,Yes,Doesn't Pay,No
40,234840,571,2000000,7,0.957925393,Yes,Doesn't Pay,No
22,185712,816,2000000,9,0.452128713,Yes,Doesn't Pay,No
48,327156,714,2000000,7,0.646783752,Yes,Doesn't Pay,No
29,58050,606,2000000,4,0.515969516,Yes,Doesn't Pay,No
26,433081,641,2000000,4,0.36987078,Yes,Pays,No
26,403315,423,2000000,5,0.519494065,Yes,Pays,No
34,129268,344,2000000,5,0.750703854,Yes,Doesn't Pay,No
41,361302,335,2000000,5,0.903324974,Yes,Doesn't Pay,No
22,88505,552,2000000,10,0.491506653,Yes,Pays,No
55,117413,366,2000000,8,0.006062466,No,Doesn't Pay,No
23,240678,439,2000000,9,0.51284174,Yes,Pays,No
48,486912,564,2000000,10,0.646157722,Yes,Doesn't Pay,No
56,208658,712,2000000,3,0.188705672,Yes,Doesn't Pay,No
36,493240,761,2000000,7,0.41851537,Yes,Doesn't Pay,No
40,350917,316,2000000,8,0.020909168,Yes,Pays,Yes
44,340816,669,2000000,9,0.415127668,Yes,Doesn't Pay,No
54,52772,609,2000000,10,0.204043338,No,Pays,No
54,264635,771,2000000,8,0.209730849,Yes,Pays,Yes
36,87164,561,2000000,10,0.722564504,Yes,Pays,No
35,477900,526,2000000,3,0.399580627,Yes,Doesn't Pay,No
59,475869,464,2000000,5,0.591782577,No,Pays,No
39,141198,437,2000000,3,0.417160948,Yes,Pays,No
61,256640,534,2000000,10,0.469978342,Yes,Doesn't Pay,No
32,124279,659,2000000,4,0.707576707,Yes,Pays,No
52,266330,846,2000000,8,0.117724574,Yes,Doesn't Pay,No
50,299305,533,2000000,8,0.759742373,Yes,Doesn't Pay,No
63,319519,312,2000000,3,0.097500128,Yes,Pays,Yes
63,186305,720,2000000,3,0.237001301,Yes,Pays,Yes
24,297525,656,2000000,10,0.92724057,Yes,Doesn't Pay,No
58,223212,615,2000000,10,0.101364318,Yes,Pays,Yes
65,256004,804,2000000,4,0.433799457,Yes,Pays,No
26,319385,820,2000000,4,0.953067701,Yes,Pays,No
60,283918,737,2000000,3,0.798169301,No,Doesn't Pay,No
22,234191,659,2000000,10,0.099330993,Yes,Pays,Yes
52,317110,769,2000000,8,0.197355849,Yes,Pays,Yes
48,324132,588,2000000,5,0.455576606,Yes,Pays,No
27,280532,565,2000000,7,0.496323877,Yes,Doesn't Pay,No
54,228671,433,2000000,10,0.701623965,Yes,Pays,No
21,339781,643,2000000,8,0.932641284,No,Doesn't Pay,No
25,119212,553,2000000,4,0.200629633,Yes,Doesn't Pay,No
52,353185,357,2000000,10,0.578110418,Yes,Pays,No
40,85233,463,2000000,4,0.986581196,Yes,Pays,No
63,187028,611,2000000,9,0.722017607,Yes,Doesn't Pay,No
55,187303,614,2000000,7,0.211928953,Yes,Doesn't Pay,No
58,235890,534,2000000,7,0.943873618,No,Doesn't Pay,No
31,495552,771,2000000,3,0.796097037,Yes,Doesn't Pay,No
57,358446,311,2000000,10,0.470247739,Yes,Doesn't Pay,No
52,359071,401,2000000,10,0.044512063,Yes,Doesn't Pay,No
62,53777,746,2000000,4,0.059549876,Yes,Doesn't Pay,No
30,115794,550,2000000,3,0.69727184,No,Doesn't Pay,No
58,103253,390,2000000,5,0.676689053,Yes,Pays,No
64,363445,511,2000000,8,0.190977912,Yes,Pays,Yes
46,374262,361,2000000,10,0.281899052,Yes,Doesn't Pay,No
54,73535,612,2000000,5,0.812915318,Yes,Doesn't Pay,No
59,335188,565,2000000,9,0.319380889,Yes,Pays,No
32,428653,570,2000000,4,0.512639818,No,Doesn't Pay,No
46,326207,627,2000000,5,0.728929616,Yes,Doesn't Pay,No
39,159217,783,2000000,3,0.795309159,Yes,Pays,No
51,408171,309,2000000,7,0.086674353,Yes,Pays,Yes
34,272653,871,2000000,7,0.610488967,Yes,Doesn't Pay,No
46,410887,471,2000000,4,0.658899224,Yes,Doesn't Pay,No
24,307523,374,2000000,5,0.882529573,Yes,Doesn't Pay,No
